{
  "id": "",
  "name": "",
  "font_family": "iconfont",
  "css_prefix_text": "icon-",
  "description": "",
  "glyphs": [
    {
      "icon_id": "755785",
      "name": "微博",
      "font_class": "weibo",
      "unicode": "e621",
      "unicode_decimal": 58913
    },
    {
      "icon_id": "1118453",
      "name": "QQ",
      "font_class": "qq",
      "unicode": "e601",
      "unicode_decimal": 58881
    },
    {
      "icon_id": "2719643",
      "name": "最大化",
      "font_class": "zuidahua",
      "unicode": "e518",
      "unicode_decimal": 58648
    },
    {
      "icon_id": "2877838",
      "name": "还原",
      "font_class": "huanyuan",
      "unicode": "e520",
      "unicode_decimal": 58656
    },
    {
      "icon_id": "3568357",
      "name": "用户",
      "font_class": "denglu01",
      "unicode": "e604",
      "unicode_decimal": 58884
    },
    {
      "icon_id": "11715694",
      "name": "验证码",
      "font_class": "yanzhengma",
      "unicode": "e521",
      "unicode_decimal": 58657
    },
    {
      "icon_id": "12187365",
      "name": "车",
      "font_class": "che",
      "unicode": "e60b",
      "unicode_decimal": 58891
    },
    {
      "icon_id": "12741889",
      "name": "最小化",
      "font_class": "zuixiaohua",
      "unicode": "e7d3",
      "unicode_decimal": 59347
    },
    {
      "icon_id": "13206733",
      "name": "放大镜",
      "font_class": "fangdajing1-copy",
      "unicode": "e586",
      "unicode_decimal": 58758
    },
    {
      "icon_id": "13418786",
      "name": "关 闭",
      "font_class": "guanbi",
      "unicode": "e509",
      "unicode_decimal": 58633
    },
    {
      "icon_id": "15907715",
      "name": "wechat",
      "font_class": "wechat",
      "unicode": "e608",
      "unicode_decimal": 58888
    },
    {
      "icon_id": "16201467",
      "name": "哔哩哔哩",
      "font_class": "bilibili",
      "unicode": "e647",
      "unicode_decimal": 58951
    },
    {
      "icon_id": "16846857",
      "name": "密 码",
      "font_class": "mima",
      "unicode": "e675",
      "unicode_decimal": 58997
    }
  ]
}
